TỦ ĐIỆN ,DMX-LT-LB1,,,,,,,,,,,,,,,,,,,,,,,,,,,,,,,,,,
,,,,,,,,,,,,,,,,,,,,,,,,,,,,,,,,,,,
DMX ,"ĐỊA CHỈ
(Group)  ",TÊN LỘ ,,SCENE SETTING,,,,,,,,,,,,,,,,,,,,,,,,SCENE OVERIDE,,,,,,,
,,,,DAY TIME,,,,,,,,,,,,Night Time,,,,,,,Late Time,,,,,EVENT,BRIGHT,DIM,MASTER ON/OFF,OPEN 1,CLOSE 1,OPEN 2,CLOSE 2
,,,,6:00,7:00,8:00,9:00,10:00,11:00,12:00,13:00,14:00,15:00,16:00,17:00,18:00,19:00,20:00,21:00,22:00,23:00,0:00,1:00,2:00,3:00,4:00,5:00,,,,,,,,
RCU,Group 1,L3-LB1-34,,100%,100%,100%,100%,100%,100%,100%,100%,100%,100%,100%,100%,100%,100%,100%,100%,100%,100%,100%,100%,100%,100%,100%,100%,100%,100%,100%,ON/OFF,,,,
,Group 2,L3-LB1-37,,100%,100%,100%,100%,100%,100%,100%,100%,100%,100%,100%,100%,100%,100%,100%,100%,100%,100%,100%,100%,100%,100%,100%,100%,100%,100%,100%,ON/OFF,,,,
,Group 3,L3-LL2-09,,100%,100%,100%,100%,100%,100%,100%,100%,100%,100%,100%,100%,100%,100%,100%,100%,100%,100%,100%,100%,100%,100%,100%,100%,100%,100%,100%,ON/OFF,,,,
,Group 4,L3-LL2-10,,100%,100%,100%,100%,100%,100%,100%,100%,100%,100%,100%,100%,100%,100%,100%,100%,100%,100%,100%,100%,100%,100%,100%,100%,100%,100%,100%,ON/OFF,,,,
,Group 5,L3-LL2-12,,100%,100%,100%,100%,100%,100%,100%,100%,100%,100%,100%,100%,100%,100%,100%,100%,100%,100%,100%,100%,100%,100%,100%,100%,100%,100%,100%,ON/OFF,,,,
,Group 6,L3-ST1-09,,100%,100%,100%,100%,100%,100%,100%,100%,100%,100%,100%,100%,100%,100%,100%,100%,100%,100%,100%,100%,100%,100%,100%,100%,100%,100%,100%,ON/OFF,,,,
,Group 7,L3-TR1-04,,100%,100%,100%,100%,100%,100%,100%,100%,100%,100%,100%,100%,100%,100%,100%,100%,100%,100%,100%,100%,100%,100%,100%,100%,100%,100%,100%,ON/OFF,,,,
,Group 8,SPARE,,100%,100%,100%,100%,100%,100%,100%,100%,100%,100%,100%,100%,100%,100%,100%,100%,100%,100%,100%,100%,100%,100%,100%,100%,100%,100%,100%,ON/OFF,,,,
DMX 1,Group 9,L3-LB1-01d1,,85%,85%,85%,85%,85%,85%,85%,85%,85%,85%,85%,85%,75%,75%,75%,75%,75%,75%,65%,65%,65%,65%,65%,65%,75%,85%,65%,ON/OFF,,,,
,Group 10,L3-LB1-01d2,,85%,85%,85%,85%,85%,85%,85%,85%,85%,85%,85%,85%,75%,75%,75%,75%,75%,75%,65%,65%,65%,65%,65%,65%,75%,85%,65%,ON/OFF,,,,
,Group 11,L3-LB1-01e1,,85%,85%,85%,85%,85%,85%,85%,85%,85%,85%,85%,85%,75%,75%,75%,75%,75%,75%,65%,65%,65%,65%,65%,65%,75%,85%,65%,ON/OFF,,,,
,Group 12,L3-LB1-01e2,,85%,85%,85%,85%,85%,85%,85%,85%,85%,85%,85%,85%,75%,75%,75%,75%,75%,75%,65%,65%,65%,65%,65%,65%,75%,85%,65%,ON/OFF,,,,
DMX 2,Group 9,L3-LB1-01f1,,85%,85%,85%,85%,85%,85%,85%,85%,85%,85%,85%,85%,75%,75%,75%,75%,75%,75%,65%,65%,65%,65%,65%,65%,75%,85%,65%,ON/OFF,,,,
,Group 10,L3-LB1-01f2,,85%,85%,85%,85%,85%,85%,85%,85%,85%,85%,85%,85%,75%,75%,75%,75%,75%,75%,65%,65%,65%,65%,65%,65%,75%,85%,65%,ON/OFF,,,,
,Group 11,L3-LB1-01g1,,85%,85%,85%,85%,85%,85%,85%,85%,85%,85%,85%,85%,75%,75%,75%,75%,75%,75%,65%,65%,65%,65%,65%,65%,75%,85%,65%,ON/OFF,,,,
,Group 12,L3-LB1-01g2,,85%,85%,85%,85%,85%,85%,85%,85%,85%,85%,85%,85%,75%,75%,75%,75%,75%,75%,65%,65%,65%,65%,65%,65%,75%,85%,65%,ON/OFF,,,,
DMX 3,Group 9,L3-LB1-01h1,,85%,85%,85%,85%,85%,85%,85%,85%,85%,85%,85%,85%,75%,75%,75%,75%,75%,75%,65%,65%,65%,65%,65%,65%,75%,85%,65%,ON/OFF,,,,
,Group 10,L3-LB1-01h2,,85%,85%,85%,85%,85%,85%,85%,85%,85%,85%,85%,85%,75%,75%,75%,75%,75%,75%,65%,65%,65%,65%,65%,65%,75%,85%,65%,ON/OFF,,,,
,Group 11,L3-LB1-01h3,,85%,85%,85%,85%,85%,85%,85%,85%,85%,85%,85%,85%,75%,75%,75%,75%,75%,75%,65%,65%,65%,65%,65%,65%,75%,85%,65%,ON/OFF,,,,
,Group 12,L3-LB1-01i1,,85%,85%,85%,85%,85%,85%,85%,85%,85%,85%,85%,85%,75%,75%,75%,75%,75%,75%,65%,65%,65%,65%,65%,65%,75%,85%,65%,ON/OFF,,,,
DMX 4,Group 9,L3-LB1-01i2,,85%,85%,85%,85%,85%,85%,85%,85%,85%,85%,85%,85%,75%,75%,75%,75%,75%,75%,65%,65%,65%,65%,65%,65%,75%,85%,65%,ON/OFF,,,,
,Group 10,L3-LB1-01p1,,85%,85%,85%,85%,85%,85%,85%,85%,85%,85%,85%,85%,75%,75%,75%,75%,75%,75%,65%,65%,65%,65%,65%,65%,75%,85%,65%,ON/OFF,,,,
,Group 11,L3-LB1-01p2,,85%,85%,85%,85%,85%,85%,85%,85%,85%,85%,85%,85%,75%,75%,75%,75%,75%,75%,65%,65%,65%,65%,65%,65%,75%,85%,65%,ON/OFF,,,,
,Group 12,L3-LB1-01q1,,85%,85%,85%,85%,85%,85%,85%,85%,85%,85%,85%,85%,75%,75%,75%,75%,75%,75%,65%,65%,65%,65%,65%,65%,75%,85%,65%,ON/OFF,,,,
DMX 5,Group 9,L3-LB1-01q2,,85%,85%,85%,85%,85%,85%,85%,85%,85%,85%,85%,85%,75%,75%,75%,75%,75%,75%,65%,65%,65%,65%,65%,65%,75%,85%,65%,ON/OFF,,,,
,Group 10,L3-LB1-01r1,,85%,85%,85%,85%,85%,85%,85%,85%,85%,85%,85%,85%,75%,75%,75%,75%,75%,75%,65%,65%,65%,65%,65%,65%,75%,85%,65%,ON/OFF,,,,
,Group 11,L3-LB1-01r2,,85%,85%,85%,85%,85%,85%,85%,85%,85%,85%,85%,85%,75%,75%,75%,75%,75%,75%,65%,65%,65%,65%,65%,65%,75%,85%,65%,ON/OFF,,,,
,Group 12,L3-LB1-01s1,,85%,85%,85%,85%,85%,85%,85%,85%,85%,85%,85%,85%,75%,75%,75%,75%,75%,75%,65%,65%,65%,65%,65%,65%,75%,85%,65%,ON/OFF,,,,
DMX 6,Group 9,L3-LB1-01s2,,85%,85%,85%,85%,85%,85%,85%,85%,85%,85%,85%,85%,75%,75%,75%,75%,75%,75%,65%,65%,65%,65%,65%,65%,75%,85%,65%,ON/OFF,,,,
,Group 10,L3-LB1-01t1,,85%,85%,85%,85%,85%,85%,85%,85%,85%,85%,85%,85%,75%,75%,75%,75%,75%,75%,65%,65%,65%,65%,65%,65%,75%,85%,65%,ON/OFF,,,,
,Group 11,L3-LB1-01t2,,85%,85%,85%,85%,85%,85%,85%,85%,85%,85%,85%,85%,75%,75%,75%,75%,75%,75%,65%,65%,65%,65%,65%,65%,75%,85%,65%,ON/OFF,,,,
,Group 12,L3-LB1-01t3,,85%,85%,85%,85%,85%,85%,85%,85%,85%,85%,85%,85%,75%,75%,75%,75%,75%,75%,65%,65%,65%,65%,65%,65%,75%,85%,65%,ON/OFF,,,,
DMX 7,Group 9,L3-LB1-01u1,,85%,85%,85%,85%,85%,85%,85%,85%,85%,85%,85%,85%,75%,75%,75%,75%,75%,75%,65%,65%,65%,65%,65%,65%,75%,85%,65%,ON/OFF,,,,
,Group 10,L3-LB1-01u2,,85%,85%,85%,85%,85%,85%,85%,85%,85%,85%,85%,85%,75%,75%,75%,75%,75%,75%,65%,65%,65%,65%,65%,65%,75%,85%,65%,ON/OFF,,,,
,Group 11,L3-LB1-01b1.1,,85%,85%,85%,85%,85%,85%,85%,85%,85%,85%,85%,85%,75%,75%,75%,75%,75%,75%,65%,65%,65%,65%,65%,65%,75%,85%,65%,ON/OFF,,,,
,Group 12,L3-LB1-01b1.2,,85%,85%,85%,85%,85%,85%,85%,85%,85%,85%,85%,85%,75%,75%,75%,75%,75%,75%,65%,65%,65%,65%,65%,65%,75%,85%,65%,ON/OFF,,,,
DMX 8,Group 9,L3-LB1-01c1.1,,85%,85%,85%,85%,85%,85%,85%,85%,85%,85%,85%,85%,75%,75%,75%,75%,75%,75%,65%,65%,65%,65%,65%,65%,75%,85%,65%,ON/OFF,,,,
,Group 10,L3-LB1-01c1.2,,85%,85%,85%,85%,85%,85%,85%,85%,85%,85%,85%,85%,75%,75%,75%,75%,75%,75%,65%,65%,65%,65%,65%,65%,75%,85%,65%,ON/OFF,,,,
,Group 11,L3-LB1-01d1.1,,85%,85%,85%,85%,85%,85%,85%,85%,85%,85%,85%,85%,75%,75%,75%,75%,75%,75%,65%,65%,65%,65%,65%,65%,75%,85%,65%,ON/OFF,,,,
,Group 12,L3-LB1-01d1.2,,85%,85%,85%,85%,85%,85%,85%,85%,85%,85%,85%,85%,75%,75%,75%,75%,75%,75%,65%,65%,65%,65%,65%,65%,75%,85%,65%,ON/OFF,,,,
DMX 9,Group 9,L3-LB1-01e1.1,,85%,85%,85%,85%,85%,85%,85%,85%,85%,85%,85%,85%,75%,75%,75%,75%,75%,75%,65%,65%,65%,65%,65%,65%,75%,85%,65%,ON/OFF,,,,
,Group 10,L3-LB1-01e1.2,,85%,85%,85%,85%,85%,85%,85%,85%,85%,85%,85%,85%,75%,75%,75%,75%,75%,75%,65%,65%,65%,65%,65%,65%,75%,85%,65%,ON/OFF,,,,
,Group 11,L3-LB1-01f1.1,,85%,85%,85%,85%,85%,85%,85%,85%,85%,85%,85%,85%,75%,75%,75%,75%,75%,75%,65%,65%,65%,65%,65%,65%,75%,85%,65%,ON/OFF,,,,
,Group 12,L3-LB1-01f1.2,,85%,85%,85%,85%,85%,85%,85%,85%,85%,85%,85%,85%,75%,75%,75%,75%,75%,75%,65%,65%,65%,65%,65%,65%,75%,85%,65%,ON/OFF,,,,
DMX 10,Group 13,L3-LB1-01f1.3,,85%,85%,85%,85%,85%,85%,85%,85%,85%,85%,85%,85%,75%,75%,75%,75%,75%,75%,65%,65%,65%,65%,65%,65%,75%,85%,65%,ON/OFF,,,,
,Group 14,L3-LB1-01g1.1,,85%,85%,85%,85%,85%,85%,85%,85%,85%,85%,85%,85%,75%,75%,75%,75%,75%,75%,65%,65%,65%,65%,65%,65%,75%,85%,65%,ON/OFF,,,,
,Group 15,L3-LB1-01g1.2,,85%,85%,85%,85%,85%,85%,85%,85%,85%,85%,85%,85%,75%,75%,75%,75%,75%,75%,65%,65%,65%,65%,65%,65%,75%,85%,65%,ON/OFF,,,,
,Group 16,L3-LB1-02h,,100%,100%,100%,100%,100%,100%,100%,100%,100%,100%,100%,100%,75%,75%,75%,75%,75%,75%,50%,50%,50%,50%,50%,50%,85%,100%,50%,ON/OFF,,,,
DMX 11,Group 17,L3-LB1-02i,,100%,100%,100%,100%,100%,100%,100%,100%,100%,100%,100%,100%,75%,75%,75%,75%,75%,75%,50%,50%,50%,50%,50%,50%,85%,100%,50%,ON/OFF,,,,
,Group 18,L3-LB1-02k,,100%,100%,100%,100%,100%,100%,100%,100%,100%,100%,100%,100%,75%,75%,75%,75%,75%,75%,50%,50%,50%,50%,50%,50%,85%,100%,50%,ON/OFF,,,,
,Group 19,L3-LB1-02l,,100%,100%,100%,100%,100%,100%,100%,100%,100%,100%,100%,100%,75%,75%,75%,75%,75%,75%,50%,50%,50%,50%,50%,50%,85%,100%,50%,ON/OFF,,,,
,Group 20,L3-LB1-02m,,100%,100%,100%,100%,100%,100%,100%,100%,100%,100%,100%,100%,75%,75%,75%,75%,75%,75%,50%,50%,50%,50%,50%,50%,85%,100%,50%,ON/OFF,,,,
DMX 12,Group 17,L3-LB1-02n,,100%,100%,100%,100%,100%,100%,100%,100%,100%,100%,100%,100%,75%,75%,75%,75%,75%,75%,50%,50%,50%,50%,50%,50%,85%,100%,50%,ON/OFF,,,,
,Group 18,L3-LB1-02o,,100%,100%,100%,100%,100%,100%,100%,100%,100%,100%,100%,100%,75%,75%,75%,75%,75%,75%,50%,50%,50%,50%,50%,50%,85%,100%,50%,ON/OFF,,,,
,Group 19,L3-LB1-03g,,100%,100%,100%,100%,100%,100%,100%,100%,100%,100%,100%,100%,75%,75%,75%,75%,75%,75%,50%,50%,50%,50%,50%,50%,85%,100%,50%,ON/OFF,,,,
,Group 20,L3-LB1-03h,,100%,100%,100%,100%,100%,100%,100%,100%,100%,100%,100%,100%,75%,75%,75%,75%,75%,75%,50%,50%,50%,50%,50%,50%,85%,100%,50%,ON/OFF,,,,
DMX 13,Group 17,L3-LB1-03i,,100%,100%,100%,100%,100%,100%,100%,100%,100%,100%,100%,100%,75%,75%,75%,75%,75%,75%,50%,50%,50%,50%,50%,50%,85%,100%,50%,ON/OFF,,,,
,Group 18,L3-LB1-03k,,100%,100%,100%,100%,100%,100%,100%,100%,100%,100%,100%,100%,75%,75%,75%,75%,75%,75%,50%,50%,50%,50%,50%,50%,85%,100%,50%,ON/OFF,,,,
,Group 19,L3-LB1-03l,,100%,100%,100%,100%,100%,100%,100%,100%,100%,100%,100%,100%,75%,75%,75%,75%,75%,75%,50%,50%,50%,50%,50%,50%,85%,100%,50%,ON/OFF,,,,
,Group 20,L3-LB1-03m,,100%,100%,100%,100%,100%,100%,100%,100%,100%,100%,100%,100%,75%,75%,75%,75%,75%,75%,50%,50%,50%,50%,50%,50%,85%,100%,50%,ON/OFF,,,,
DMX 14,Group 17,L3-LB1-06a,,100%,100%,100%,100%,100%,100%,100%,100%,100%,100%,100%,100%,75%,75%,75%,75%,75%,75%,50%,50%,50%,50%,50%,50%,85%,100%,50%,ON/OFF,,,,
,Group 18,L3-LB1-06b,,100%,100%,100%,100%,100%,100%,100%,100%,100%,100%,100%,100%,75%,75%,75%,75%,75%,75%,50%,50%,50%,50%,50%,50%,85%,100%,50%,ON/OFF,,,,
,Group 19,L3-LB1-06c,,100%,100%,100%,100%,100%,100%,100%,100%,100%,100%,100%,100%,75%,75%,75%,75%,75%,75%,50%,50%,50%,50%,50%,50%,85%,100%,50%,ON/OFF,,,,
,Group 20,L3-LB1-06d,,100%,100%,100%,100%,100%,100%,100%,100%,100%,100%,100%,100%,75%,75%,75%,75%,75%,75%,50%,50%,50%,50%,50%,50%,85%,100%,50%,ON/OFF,,,,
DMX 15,Group 21,L3-CO2-01,,25%,25%,25%,25%,25%,25%,25%,50%,50%,50%,50%,50%,85%,85%,85%,85%,85%,85%,50%,50%,50%,50%,50%,50%,25%,25%,50%,ON/OFF,,,,
,Group 22,L3-CO2-02,,50%,50%,50%,50%,50%,50%,50%,50%,50%,50%,50%,50%,85%,85%,85%,85%,85%,85%,50%,50%,50%,50%,50%,50%,25%,50%,50%,ON/OFF,,,,
,Group 23,L3-CO2-03,,100%,100%,100%,100%,100%,100%,100%,100%,100%,100%,100%,100%,100%,100%,100%,100%,100%,100%,100%,75%,75%,75%,75%,75%,85%,100%,75%,ON/OFF,,,,
,Group 24,L3-LB1-07,,OFF,OFF,OFF,OFF,OFF,OFF,OFF,OFF,OFF,OFF,OFF,OFF,100%,100%,100%,100%,100%,100%,75%,75%,75%,75%,75%,75%,OFF,OFF,75%,ON/OFF,,,,
DMX 16,Group 25,L3-LB1-08,,OFF,OFF,OFF,OFF,OFF,OFF,OFF,OFF,OFF,OFF,OFF,OFF,100%,100%,100%,100%,100%,100%,75%,50%,50%,50%,50%,50%,OFF,OFF,50%,ON/OFF,,,,
,Group 26,L3-LB1-09,,OFF,OFF,OFF,OFF,OFF,OFF,OFF,OFF,OFF,OFF,OFF,OFF,100%,100%,100%,100%,100%,100%,75%,50%,50%,50%,50%,50%,OFF,OFF,50%,ON/OFF,,,,
,Group 27,L3-LB1-10b,,50%,50%,50%,50%,50%,50%,50%,50%,50%,50%,50%,50%,100%,100%,100%,100%,100%,100%,25%,25%,25%,25%,25%,25%,25%,50%,25%,ON/OFF,,,,
,Group 28,L3-LB1-10c,,50%,50%,50%,50%,50%,50%,50%,50%,50%,50%,50%,50%,100%,100%,100%,100%,100%,100%,25%,25%,25%,25%,25%,25%,25%,50%,25%,ON/OFF,,,,
DMX 17,Group 29,L3-LB1-14,,100%,100%,100%,100%,100%,100%,100%,100%,100%,100%,100%,100%,100%,100%,100%,100%,100%,100%,85%,85%,85%,85%,85%,85%,85%,100%,85%,ON/OFF,,,,
,Group 30,L3-LB1-15a,,100%,100%,100%,100%,100%,100%,100%,100%,100%,100%,100%,100%,85%,85%,85%,85%,85%,85%,85%,50%,50%,50%,50%,50%,85%,100%,50%,ON/OFF,,,,
,Group 31,L3-LB1-15b,,100%,100%,100%,100%,100%,100%,100%,100%,100%,100%,100%,100%,85%,85%,85%,85%,85%,85%,85%,50%,50%,50%,50%,50%,85%,100%,50%,ON/OFF,,,,
,Group 32,L3-LB1-16,,100%,100%,100%,100%,100%,100%,100%,100%,100%,100%,100%,100%,100%,100%,100%,100%,100%,100%,100%,50%,50%,50%,50%,50%,85%,100%,50%,ON/OFF,,,,
DMX 18,Group 33,L3-LB1-17b,,100%,100%,100%,100%,100%,100%,100%,100%,100%,100%,100%,100%,85%,85%,85%,85%,85%,85%,25%,25%,25%,25%,25%,25%,85%,100%,25%,ON/OFF,,,,
,Group 34,L3-LB1-17c,,100%,100%,100%,100%,100%,100%,100%,100%,100%,100%,100%,100%,85%,85%,85%,85%,85%,85%,25%,25%,25%,25%,25%,25%,85%,100%,25%,ON/OFF,,,,
,Group 35,L3-LB1-18,,80%,80%,80%,80%,80%,80%,80%,80%,80%,80%,80%,80%,80%,80%,80%,80%,80%,80%,80%,80%,80%,80%,80%,80%,85%,80%,80%,ON/OFF,,,,
,Group 36,L3-LB1-19a,,50%,50%,50%,50%,50%,50%,50%,50%,50%,50%,50%,50%,100%,100%,100%,100%,100%,100%,50%,50%,50%,50%,50%,50%,25%,50%,50%,ON/OFF,,,,
DMX 19,Group 37,L3-LB1-19b,,50%,50%,50%,50%,50%,50%,50%,50%,50%,50%,50%,50%,100%,100%,100%,100%,100%,100%,50%,50%,50%,50%,50%,50%,25%,50%,50%,ON/OFF,,,,
,Group 38,L3-LB1-20a,,100%,100%,100%,100%,100%,100%,100%,100%,100%,100%,100%,100%,100%,100%,100%,100%,100%,100%,75%,75%,75%,75%,75%,75%,85%,100%,75%,ON/OFF,,,,
,Group 39,L3-LB1-20b,,100%,100%,100%,100%,100%,100%,100%,100%,100%,100%,100%,100%,100%,100%,100%,100%,100%,100%,75%,75%,75%,75%,75%,75%,85%,100%,75%,ON/OFF,,,,
,Group 40,L3-LB1-25a,,100%,100%,100%,100%,100%,100%,100%,100%,100%,100%,100%,100%,100%,100%,100%,100%,100%,100%,100%,100%,100%,100%,100%,100%,85%,100%,100%,ON/OFF,,,,
DMX 20,Group 41,L3-LB1-25b,,100%,100%,100%,100%,100%,100%,100%,100%,100%,100%,100%,100%,100%,100%,100%,100%,100%,100%,100%,100%,100%,100%,100%,100%,85%,100%,100%,ON/OFF,,,,
,Group 42,L3-LB1-25c,,100%,100%,100%,100%,100%,100%,100%,100%,100%,100%,100%,100%,100%,100%,100%,100%,100%,100%,100%,100%,100%,100%,100%,100%,85%,100%,100%,ON/OFF,,,,
,Group 43,L3-LB1-28a,,100%,100%,100%,100%,100%,100%,100%,100%,100%,100%,100%,100%,75%,75%,75%,75%,75%,75%,50%,50%,50%,50%,50%,50%,85%,100%,50%,ON/OFF,,,,
,Group 44,L3-LB1-28b,,100%,100%,100%,100%,100%,100%,100%,100%,100%,100%,100%,100%,75%,75%,75%,75%,75%,75%,50%,50%,50%,50%,50%,50%,85%,100%,50%,ON/OFF,,,,
DMX 21,Group 45,L3-LB1-28c,,100%,100%,100%,100%,100%,100%,100%,100%,100%,100%,100%,100%,75%,75%,75%,75%,75%,75%,50%,50%,50%,50%,50%,50%,85%,100%,50%,ON/OFF,,,,
,Group 46,L3-LB1-28d,,100%,100%,100%,100%,100%,100%,100%,100%,100%,100%,100%,100%,75%,75%,75%,75%,75%,75%,50%,50%,50%,50%,50%,50%,85%,100%,50%,ON/OFF,,,,
,Group 47,L3-LB1-29,,ON,ON,ON,ON,ON,ON,ON,ON,ON,ON,ON,ON,ON,ON,ON,ON,ON,ON,ON,ON,ON,ON,ON,ON,ON,ON,ON,ON/OFF,,,,
,Group 48,L3-LB1-30,,ON,ON,ON,ON,ON,ON,ON,ON,ON,ON,ON,ON,ON,ON,ON,ON,ON,ON,ON,ON,ON,ON,ON,ON,ON,ON,ON,ON/OFF,,,,
DMX 22,Group 49,L3-LB1-36,,ON,ON,ON,ON,ON,ON,ON,ON,ON,ON,ON,ON,ON,ON,ON,ON,ON,ON,ON,ON,ON,ON,ON,ON,ON,ON,ON,ON/OFF,,,,
,Group 50,SPARE,,,,,,,,,,,,,,,,,,,,,,,,,,,,,ON/OFF,,,,
,Group 51,L3-LL2-01a1,,100%,100%,100%,100%,100%,100%,100%,100%,100%,100%,100%,100%,100%,100%,100%,100%,100%,100%,100%,50%,50%,50%,50%,50%,85%,100%,50%,ON/OFF,,,,
,Group 52,L3-LL2-01a2,,100%,100%,100%,100%,100%,100%,100%,100%,100%,100%,100%,100%,100%,100%,100%,100%,100%,100%,100%,50%,50%,50%,50%,50%,85%,100%,50%,ON/OFF,,,,
DMX 23,Group 53,L3-LL2-02,,100%,100%,100%,100%,100%,100%,100%,100%,100%,100%,100%,100%,85%,85%,85%,85%,85%,85%,25%,25%,25%,25%,25%,25%,85%,100%,25%,ON/OFF,,,,
,Group 54,L3-LL2-03,,100%,100%,100%,100%,100%,100%,100%,100%,100%,100%,100%,100%,100%,100%,100%,100%,100%,100%,75%,75%,75%,75%,75%,75%,85%,100%,75%,ON/OFF,,,,
,Group 55,L3-LL2-04,,100%,100%,100%,100%,100%,100%,100%,100%,100%,100%,100%,100%,85%,85%,85%,85%,85%,85%,25%,25%,25%,25%,25%,25%,85%,100%,25%,ON/OFF,,,,
,Group 56,L3-LL2-05,,100%,100%,100%,100%,100%,100%,100%,100%,100%,100%,100%,100%,100%,100%,100%,100%,100%,100%,100%,75%,75%,75%,75%,75%,85%,100%,75%,ON/OFF,,,,
DMX 24,Group 57,L3-LL2-06,,100%,100%,100%,100%,100%,100%,100%,100%,100%,100%,100%,100%,100%,100%,100%,100%,100%,100%,100%,50%,50%,50%,50%,50%,85%,100%,50%,ON/OFF,,,,
,Group 58,L3-LL2-07,,100%,100%,100%,100%,100%,100%,100%,100%,100%,100%,100%,100%,85%,85%,85%,85%,85%,85%,25%,25%,25%,25%,25%,25%,85%,100%,25%,ON/OFF,,,,
,Group 59,SPARE,,,,,,,,,,,,,,,,,,,,,,,,,,,,,ON/OFF,,,,
,Group 60,L3-ST1-01a1,,100%,100%,100%,100%,100%,100%,100%,100%,100%,100%,100%,100%,75%,75%,75%,75%,75%,75%,75%,75%,75%,75%,75%,75%,85%,100%,75%,ON/OFF,,,,
DMX 25,Group 61,L3-ST1-01a2,,100%,100%,100%,100%,100%,100%,100%,100%,100%,100%,100%,100%,75%,75%,75%,75%,75%,75%,75%,75%,75%,75%,75%,75%,85%,100%,75%,ON/OFF,,,,
,Group 62,L3-ST1-02a1,,100%,100%,100%,100%,100%,100%,100%,100%,100%,100%,100%,100%,75%,75%,75%,75%,75%,75%,75%,75%,75%,75%,75%,75%,85%,100%,75%,ON/OFF,,,,
,Group 63,L3-ST1-02a2,,100%,100%,100%,100%,100%,100%,100%,100%,100%,100%,100%,100%,75%,75%,75%,75%,75%,75%,75%,75%,75%,75%,75%,75%,85%,100%,75%,ON/OFF,,,,
,Group 64,L3-ST1-03,,100%,100%,100%,100%,100%,100%,100%,100%,100%,100%,100%,100%,75%,75%,75%,75%,75%,75%,75%,75%,75%,75%,75%,75%,85%,100%,75%,ON/OFF,,,,
DMX 26,Group 65,L3-ST1-04,,100%,100%,100%,100%,100%,100%,100%,100%,100%,100%,100%,100%,75%,75%,75%,75%,75%,75%,75%,75%,75%,75%,75%,75%,85%,100%,75%,ON/OFF,,,,
,Group 66,L3-ST1-05,,100%,100%,100%,100%,100%,100%,100%,100%,100%,100%,100%,100%,75%,75%,75%,75%,75%,75%,75%,75%,75%,75%,75%,75%,85%,100%,75%,ON/OFF,,,,
,Group 67,L3-ST1-06,,50%,50%,50%,50%,50%,50%,50%,50%,50%,50%,50%,50%,50%,50%,50%,50%,50%,50%,50%,50%,50%,50%,50%,50%,25%,50%,50%,ON/OFF,,,,
,Group 68,L3-ST1-07a,,100%,100%,100%,100%,100%,100%,100%,100%,100%,100%,100%,100%,100%,100%,100%,100%,100%,100%,100%,100%,100%,100%,100%,100%,85%,100%,100%,ON/OFF,,,,
DMX 27,Group 69,L3-ST1-07b,,100%,100%,100%,100%,100%,100%,100%,100%,100%,100%,100%,100%,100%,100%,100%,100%,100%,100%,100%,100%,100%,100%,100%,100%,85%,100%,100%,ON/OFF,,,,
,Group 70,SPARE,,,,,,,,,,,,,,,,,,,,,,,,,,,,,,,,,
,Group 71,SPARE,,,,,,,,,,,,,,,,,,,,,,,,,,,,,,,,,
,Group 72,SPARE,,,,,,,,,,,,,,,,,,,,,,,,,,,,,,,,,
DMX 28,Group 17,SPARE,,,,,,,,,,,,,,,,,,,,,,,,,,,,,,,,,
,Group 18,SPARE,,,,,,,,,,,,,,,,,,,,,,,,,,,,,,,,,
,Group 19,SPARE,,,,,,,,,,,,,,,,,,,,,,,,,,,,,,,,,
,Group 20,SPARE,,,,,,,,,,,,,,,,,,,,,,,,,,,,,,,,,
DMX RELAY 4CH (1),Group 73,L3-LL2-11,,OFF,OFF,OFF,OFF,OFF,OFF,OFF,OFF,OFF,OFF,OFF,OFF,ON,ON,ON,ON,ON,ON,ON,ON,ON,ON,ON,ON,OFF,OFF,ON,ON/OFF,,,,
,Group 74,L3-TR1-03,,OFF,OFF,OFF,OFF,OFF,OFF,OFF,OFF,OFF,OFF,OFF,OFF,ON,ON,ON,ON,ON,ON,ON,ON,ON,ON,ON,ON,OFF,OFF,ON,ON/OFF,,,,
,Group 75,SPARE,,,,,,,,,,,,,,,,,,,,,,,,,,,,,,,,,
,Group 76,SPARE,,,,,,,,,,,,,,,,,,,,,,,,,,,,,,,,,
DMX RELAY 4CH (2),Group 77,OPEN 1,,,,,,,,,,,,,,,,,,,,,,,,,,,,,,OPEN1,,,
,Group 78,CLOSE 1,,,,,,,,,,,,,,,,,,,,,,,,,,,,,,,CLOSE 1,,
,Group 79,OPEN 2,,,,,,,,,,,,,,,,,,,,,,,,,,,,,,,,OPEN2,
,Group 80,CLOSE 2,,,,,,,,,,,,,,,,,,,,,,,,,,,,,,,,,CLOSE 2
AC TRIAC 1,Group 81,L3-LB1-42.1,,100%,100%,100%,100%,100%,100%,100%,100%,100%,100%,100%,100%,85%,85%,85%,85%,85%,85%,70%,70%,70%,70%,70%,70%,85%,100%,70%,ON/OFF,,,,
,Group 82,L3-LB1-42.2,,100%,100%,100%,100%,100%,100%,100%,100%,100%,100%,100%,100%,85%,85%,85%,85%,85%,85%,70%,70%,70%,70%,70%,70%,85%,100%,70%,ON/OFF,,,,
,Group 83,SPARE,,,,,,,,,,,,,,,,,,,,,,,,,,,,,,,,,
,Group 84,SPARE,,,,,,,,,,,,,,,,,,,,,,,,,,,,,,,,,
AC TRIAC 2,Group 85,L3-ST1-8.1,,100%,100%,100%,100%,100%,100%,100%,100%,100%,100%,100%,100%,85%,85%,85%,85%,85%,85%,70%,70%,70%,70%,70%,70%,85%,100%,70%,ON/OFF,,,,
,Group 86,L3-ST1-8.2,,100%,100%,100%,100%,100%,100%,100%,100%,100%,100%,100%,100%,85%,85%,85%,85%,85%,85%,70%,70%,70%,70%,70%,70%,85%,100%,70%,ON/OFF,,,,
,Group 87,SPARE,,,,,,,,,,,,,,,,,,,,,,,,,,,,,,,,,
,Group 88,SPARE,,,,,,,,,,,,,,,,,,,,,,,,,,,,,,,,,
AC TRIAC 3,Group 89,L3-LL2-08,,100%,100%,100%,100%,100%,100%,100%,100%,100%,100%,100%,100%,100%,100%,100%,100%,100%,100%,75%,75%,75%,75%,75%,75%,85%,100%,75%,ON/OFF,,,,
,Group 90,SPARE,,,,,,,,,,,,,,,,,,,,,,,,,,,,,,,,,
,Group 91,SPARE,,,,,,,,,,,,,,,,,,,,,,,,,,,,,,,,,
,Group 92,SPARE,,,,,,,,,,,,,,,,,,,,,,,,,,,,,,,,,
TỦ ĐIỆN ,DMX-LT-LB2,,,,,,,,,,,,,,,,,,,,,,,,,,,,,,,,,,
,,,,,,,,,,,,,,,,,,,,,,,,,,,,,,,,,,,
DMX ,"ĐỊA CHỈ
(Group)  ",TÊN LỘ ,,SCENE SETTING,,,,,,,,,,,,,,,,,,,,,,,,SCENE OVERIDE,,,,,,,
,,,,DAY TIME,,,,,,,,,,,,Night Time,,,,,,,Late Time,,,,,EVENT,BRIGHT,DIM,MASTER ON/OFF,,,,
,,,,6:00,7:00,8:00,9:00,10:00,11:00,12:00,13:00,14:00,15:00,16:00,17:00,18:00,19:00,20:00,21:00,22:00,23:00,0:00,1:00,2:00,3:00,4:00,5:00,,,,,,,,
DMX 1,Group 9,L3-LB1-01a1,,85%,85%,85%,85%,85%,85%,85%,85%,85%,85%,85%,85%,75%,75%,75%,75%,75%,75%,65%,65%,65%,65%,65%,65%,75%,85%,65%,ON/OFF,,,,
,Group 10,L3-LB1-01a2,,85%,85%,85%,85%,85%,85%,85%,85%,85%,85%,85%,85%,75%,75%,75%,75%,75%,75%,65%,65%,65%,65%,65%,65%,75%,85%,65%,ON/OFF,,,,
,Group 11,L3-LB1-01b1,,85%,85%,85%,85%,85%,85%,85%,85%,85%,85%,85%,85%,75%,75%,75%,75%,75%,75%,65%,65%,65%,65%,65%,65%,75%,85%,65%,ON/OFF,,,,
,Group 12,L3-LB1-01b2,,85%,85%,85%,85%,85%,85%,85%,85%,85%,85%,85%,85%,75%,75%,75%,75%,75%,75%,65%,65%,65%,65%,65%,65%,75%,85%,65%,ON/OFF,,,,
DMX 2,Group 9,L3-LB1-01c1,,85%,85%,85%,85%,85%,85%,85%,85%,85%,85%,85%,85%,75%,75%,75%,75%,75%,75%,65%,65%,65%,65%,65%,65%,75%,85%,65%,ON/OFF,,,,
,Group 10,L3-LB1-01c2,,85%,85%,85%,85%,85%,85%,85%,85%,85%,85%,85%,85%,75%,75%,75%,75%,75%,75%,65%,65%,65%,65%,65%,65%,75%,85%,65%,ON/OFF,,,,
,Group 11,L3-LB1-01j1,,85%,85%,85%,85%,85%,85%,85%,85%,85%,85%,85%,85%,75%,75%,75%,75%,75%,75%,65%,65%,65%,65%,65%,65%,75%,85%,65%,ON/OFF,,,,
,Group 12,L3-LB1-01j2,,85%,85%,85%,85%,85%,85%,85%,85%,85%,85%,85%,85%,75%,75%,75%,75%,75%,75%,65%,65%,65%,65%,65%,65%,75%,85%,65%,ON/OFF,,,,
DMX 3,Group 9,L3-LB1-01k1,,85%,85%,85%,85%,85%,85%,85%,85%,85%,85%,85%,85%,75%,75%,75%,75%,75%,75%,65%,65%,65%,65%,65%,65%,75%,85%,65%,ON/OFF,,,,
,Group 10,L3-LB1-01k2,,85%,85%,85%,85%,85%,85%,85%,85%,85%,85%,85%,85%,75%,75%,75%,75%,75%,75%,65%,65%,65%,65%,65%,65%,75%,85%,65%,ON/OFF,,,,
,Group 11,L3-LB1-01k3,,85%,85%,85%,85%,85%,85%,85%,85%,85%,85%,85%,85%,75%,75%,75%,75%,75%,75%,65%,65%,65%,65%,65%,65%,75%,85%,65%,ON/OFF,,,,
,Group 12,L3-LB1-01l1,,85%,85%,85%,85%,85%,85%,85%,85%,85%,85%,85%,85%,75%,75%,75%,75%,75%,75%,65%,65%,65%,65%,65%,65%,75%,85%,65%,ON/OFF,,,,
DMX 4,Group 9,L3-LB1-01l2,,85%,85%,85%,85%,85%,85%,85%,85%,85%,85%,85%,85%,75%,75%,75%,75%,75%,75%,65%,65%,65%,65%,65%,65%,75%,85%,65%,ON/OFF,,,,
,Group 10,L3-LB1-01m1,,85%,85%,85%,85%,85%,85%,85%,85%,85%,85%,85%,85%,75%,75%,75%,75%,75%,75%,65%,65%,65%,65%,65%,65%,75%,85%,65%,ON/OFF,,,,
,Group 11,L3-LB1-01m2,,85%,85%,85%,85%,85%,85%,85%,85%,85%,85%,85%,85%,75%,75%,75%,75%,75%,75%,65%,65%,65%,65%,65%,65%,75%,85%,65%,ON/OFF,,,,
,Group 12,L3-LB1-01n1,,85%,85%,85%,85%,85%,85%,85%,85%,85%,85%,85%,85%,75%,75%,75%,75%,75%,75%,65%,65%,65%,65%,65%,65%,75%,85%,65%,ON/OFF,,,,
DMX 5,Group 9,L3-LB1-01n2,,85%,85%,85%,85%,85%,85%,85%,85%,85%,85%,85%,85%,75%,75%,75%,75%,75%,75%,65%,65%,65%,65%,65%,65%,75%,85%,65%,ON/OFF,,,,
,Group 10,L3-LB1-01o1,,85%,85%,85%,85%,85%,85%,85%,85%,85%,85%,85%,85%,75%,75%,75%,75%,75%,75%,65%,65%,65%,65%,65%,65%,75%,85%,65%,ON/OFF,,,,
,Group 11,L3-LB1-01o2,,85%,85%,85%,85%,85%,85%,85%,85%,85%,85%,85%,85%,75%,75%,75%,75%,75%,75%,65%,65%,65%,65%,65%,65%,75%,85%,65%,ON/OFF,,,,
,Group 12,L3-LB1-01v1,,85%,85%,85%,85%,85%,85%,85%,85%,85%,85%,85%,85%,75%,75%,75%,75%,75%,75%,65%,65%,65%,65%,65%,65%,75%,85%,65%,ON/OFF,,,,
DMX 6,Group 9,L3-LB1-01v2,,85%,85%,85%,85%,85%,85%,85%,85%,85%,85%,85%,85%,75%,75%,75%,75%,75%,75%,65%,65%,65%,65%,65%,65%,75%,85%,65%,ON/OFF,,,,
,Group 10,L3-LB1-01w1,,85%,85%,85%,85%,85%,85%,85%,85%,85%,85%,85%,85%,75%,75%,75%,75%,75%,75%,65%,65%,65%,65%,65%,65%,75%,85%,65%,ON/OFF,,,,
,Group 11,L3-LB1-01w2,,85%,85%,85%,85%,85%,85%,85%,85%,85%,85%,85%,85%,75%,75%,75%,75%,75%,75%,65%,65%,65%,65%,65%,65%,75%,85%,65%,ON/OFF,,,,
,Group 12,L3-LB1-01w3,,85%,85%,85%,85%,85%,85%,85%,85%,85%,85%,85%,85%,75%,75%,75%,75%,75%,75%,65%,65%,65%,65%,65%,65%,75%,85%,65%,ON/OFF,,,,
DMX 7,Group 9,L3-LB1-01x1,,85%,85%,85%,85%,85%,85%,85%,85%,85%,85%,85%,85%,75%,75%,75%,75%,75%,75%,65%,65%,65%,65%,65%,65%,75%,85%,65%,ON/OFF,,,,
,Group 10,L3-LB1-01x2,,85%,85%,85%,85%,85%,85%,85%,85%,85%,85%,85%,85%,75%,75%,75%,75%,75%,75%,65%,65%,65%,65%,65%,65%,75%,85%,65%,ON/OFF,,,,
,Group 11,L3-LB1-01y1,,85%,85%,85%,85%,85%,85%,85%,85%,85%,85%,85%,85%,75%,75%,75%,75%,75%,75%,65%,65%,65%,65%,65%,65%,75%,85%,65%,ON/OFF,,,,
,Group 12,L3-LB1-01y2,,85%,85%,85%,85%,85%,85%,85%,85%,85%,85%,85%,85%,75%,75%,75%,75%,75%,75%,65%,65%,65%,65%,65%,65%,75%,85%,65%,ON/OFF,,,,
DMX 8,Group 9,L3-LB1-01z1,,85%,85%,85%,85%,85%,85%,85%,85%,85%,85%,85%,85%,75%,75%,75%,75%,75%,75%,65%,65%,65%,65%,65%,65%,75%,85%,65%,ON/OFF,,,,
,Group 10,L3-LB1-01z2,,85%,85%,85%,85%,85%,85%,85%,85%,85%,85%,85%,85%,75%,75%,75%,75%,75%,75%,65%,65%,65%,65%,65%,65%,75%,85%,65%,ON/OFF,,,,
,Group 11,L3-LB1-01a1.1,,85%,85%,85%,85%,85%,85%,85%,85%,85%,85%,85%,85%,75%,75%,75%,75%,75%,75%,65%,65%,65%,65%,65%,65%,75%,85%,65%,ON/OFF,,,,
,Group 12,L3-LB1-01a1.2,,85%,85%,85%,85%,85%,85%,85%,85%,85%,85%,85%,85%,75%,75%,75%,75%,75%,75%,65%,65%,65%,65%,65%,65%,75%,85%,65%,ON/OFF,,,,
DMX 9,Group 9,L3-LB1-01h1.1,,85%,85%,85%,85%,85%,85%,85%,85%,85%,85%,85%,85%,75%,75%,75%,75%,75%,75%,65%,65%,65%,65%,65%,65%,75%,85%,65%,ON/OFF,,,,
,Group 10,L3-LB1-01h1.2,,85%,85%,85%,85%,85%,85%,85%,85%,85%,85%,85%,85%,75%,75%,75%,75%,75%,75%,65%,65%,65%,65%,65%,65%,75%,85%,65%,ON/OFF,,,,
,Group 11,L3-LB1-01i1.1,,85%,85%,85%,85%,85%,85%,85%,85%,85%,85%,85%,85%,75%,75%,75%,75%,75%,75%,65%,65%,65%,65%,65%,65%,75%,85%,65%,ON/OFF,,,,
,Group 12,L3-LB1-01i1.2,,85%,85%,85%,85%,85%,85%,85%,85%,85%,85%,85%,85%,75%,75%,75%,75%,75%,75%,65%,65%,65%,65%,65%,65%,75%,85%,65%,ON/OFF,,,,
DMX 10,Group 93,L3-LB1-01i1.3,,85%,85%,85%,85%,85%,85%,85%,85%,85%,85%,85%,85%,75%,75%,75%,75%,75%,75%,65%,65%,65%,65%,65%,65%,75%,85%,65%,ON/OFF,,,,
,Group 94,L3-LB1-01j1.1,,85%,85%,85%,85%,85%,85%,85%,85%,85%,85%,85%,85%,75%,75%,75%,75%,75%,75%,65%,65%,65%,65%,65%,65%,75%,85%,65%,ON/OFF,,,,
,Group 95,L3-LB1-01j1.2,,85%,85%,85%,85%,85%,85%,85%,85%,85%,85%,85%,85%,75%,75%,75%,75%,75%,75%,65%,65%,65%,65%,65%,65%,75%,85%,65%,ON/OFF,,,,
,Group 96,L3-LB1-02a,,100%,100%,100%,100%,100%,100%,100%,100%,100%,100%,100%,100%,75%,75%,75%,75%,75%,75%,50%,50%,50%,50%,50%,50%,85%,100%,50%,ON/OFF,,,,
DMX 11,Group 17,L3-LB1-02b,,100%,100%,100%,100%,100%,100%,100%,100%,100%,100%,100%,100%,75%,75%,75%,75%,75%,75%,50%,50%,50%,50%,50%,50%,85%,100%,50%,ON/OFF,,,,
,Group 18,L3-LB1-02c,,100%,100%,100%,100%,100%,100%,100%,100%,100%,100%,100%,100%,75%,75%,75%,75%,75%,75%,50%,50%,50%,50%,50%,50%,85%,100%,50%,ON/OFF,,,,
,Group 19,L3-LB1-02d,,100%,100%,100%,100%,100%,100%,100%,100%,100%,100%,100%,100%,75%,75%,75%,75%,75%,75%,50%,50%,50%,50%,50%,50%,85%,100%,50%,ON/OFF,,,,
,Group 20,L3-LB1-02e,,100%,100%,100%,100%,100%,100%,100%,100%,100%,100%,100%,100%,75%,75%,75%,75%,75%,75%,50%,50%,50%,50%,50%,50%,85%,100%,50%,ON/OFF,,,,
DMX 12,Group 17,L3-LB1-02f,,100%,100%,100%,100%,100%,100%,100%,100%,100%,100%,100%,100%,75%,75%,75%,75%,75%,75%,50%,50%,50%,50%,50%,50%,85%,100%,50%,ON/OFF,,,,
,Group 18,L3-LB1-02g,,100%,100%,100%,100%,100%,100%,100%,100%,100%,100%,100%,100%,75%,75%,75%,75%,75%,75%,50%,50%,50%,50%,50%,50%,85%,100%,50%,ON/OFF,,,,
,Group 19,L3-LB1-03a,,100%,100%,100%,100%,100%,100%,100%,100%,100%,100%,100%,100%,75%,75%,75%,75%,75%,75%,50%,50%,50%,50%,50%,50%,85%,100%,50%,ON/OFF,,,,
,Group 20,L3-LB1-03b,,100%,100%,100%,100%,100%,100%,100%,100%,100%,100%,100%,100%,75%,75%,75%,75%,75%,75%,50%,50%,50%,50%,50%,50%,85%,100%,50%,ON/OFF,,,,
DMX 13,Group 17,L3-LB1-03c,,100%,100%,100%,100%,100%,100%,100%,100%,100%,100%,100%,100%,75%,75%,75%,75%,75%,75%,50%,50%,50%,50%,50%,50%,85%,100%,50%,ON/OFF,,,,
,Group 18,L3-LB1-03d,,100%,100%,100%,100%,100%,100%,100%,100%,100%,100%,100%,100%,75%,75%,75%,75%,75%,75%,50%,50%,50%,50%,50%,50%,85%,100%,50%,ON/OFF,,,,
,Group 19,L3-LB1-03e,,100%,100%,100%,100%,100%,100%,100%,100%,100%,100%,100%,100%,75%,75%,75%,75%,75%,75%,50%,50%,50%,50%,50%,50%,85%,100%,50%,ON/OFF,,,,
,Group 20,L3-LB1-03f,,100%,100%,100%,100%,100%,100%,100%,100%,100%,100%,100%,100%,75%,75%,75%,75%,75%,75%,50%,50%,50%,50%,50%,50%,85%,100%,50%,ON/OFF,,,,
DMX 14,Group 17,L3-LB1-04a,,100%,100%,100%,100%,100%,100%,100%,100%,100%,100%,100%,100%,75%,75%,75%,75%,75%,75%,50%,50%,50%,50%,50%,50%,85%,100%,50%,ON/OFF,,,,
,Group 18,L3-LB1-04b,,100%,100%,100%,100%,100%,100%,100%,100%,100%,100%,100%,100%,75%,75%,75%,75%,75%,75%,50%,50%,50%,50%,50%,50%,85%,100%,50%,ON/OFF,,,,
,Group 19,L3-LB1-04c,,100%,100%,100%,100%,100%,100%,100%,100%,100%,100%,100%,100%,75%,75%,75%,75%,75%,75%,50%,50%,50%,50%,50%,50%,85%,100%,50%,ON/OFF,,,,
,Group 20,L3-LB1-04d,,100%,100%,100%,100%,100%,100%,100%,100%,100%,100%,100%,100%,75%,75%,75%,75%,75%,75%,50%,50%,50%,50%,50%,50%,85%,100%,50%,ON/OFF,,,,
DMX 15,Group 17,L3-LB1-05a,,100%,100%,100%,100%,100%,100%,100%,100%,100%,100%,100%,100%,75%,75%,75%,75%,75%,75%,50%,50%,50%,50%,50%,50%,85%,100%,50%,ON/OFF,,,,
,Group 18,L3-LB1-05b,,100%,100%,100%,100%,100%,100%,100%,100%,100%,100%,100%,100%,75%,75%,75%,75%,75%,75%,50%,50%,50%,50%,50%,50%,85%,100%,50%,ON/OFF,,,,
,Group 19,L3-LB1-05c,,100%,100%,100%,100%,100%,100%,100%,100%,100%,100%,100%,100%,75%,75%,75%,75%,75%,75%,50%,50%,50%,50%,50%,50%,85%,100%,50%,ON/OFF,,,,
,Group 20,L3-LB1-05d,,100%,100%,100%,100%,100%,100%,100%,100%,100%,100%,100%,100%,75%,75%,75%,75%,75%,75%,50%,50%,50%,50%,50%,50%,85%,100%,50%,ON/OFF,,,,
DMX 16,Group 97,L3-CO1-01,,75%,75%,75%,75%,75%,75%,75%,75%,75%,75%,75%,75%,85%,85%,85%,85%,85%,85%,50%,50%,50%,50%,50%,50%,50%,75%,50%,ON/OFF,,,,
,Group 98,L3-CO1-02,,75%,75%,75%,75%,75%,75%,75%,75%,75%,75%,75%,75%,85%,85%,85%,85%,85%,85%,50%,50%,50%,50%,50%,50%,50%,75%,50%,ON/OFF,,,,
,Group 99,L3-CO1-03,,100%,100%,100%,100%,100%,100%,100%,100%,100%,100%,100%,100%,85%,85%,85%,85%,85%,85%,50%,50%,50%,50%,50%,50%,85%,100%,50%,ON/OFF,,,,
,Group 100,L3-CO1-04,,50%,50%,50%,50%,50%,50%,50%,50%,50%,50%,50%,50%,85%,85%,85%,85%,85%,85%,50%,50%,50%,50%,50%,50%,25%,50%,50%,ON/OFF,,,,
DMX 17,Group 101,L3-CO1-05,,50%,50%,50%,50%,50%,50%,50%,50%,50%,50%,50%,50%,85%,85%,85%,85%,85%,85%,50%,50%,50%,50%,50%,50%,25%,50%,50%,ON/OFF,,,,
,Group 102,L3-LB1-10a,,50%,50%,50%,50%,50%,50%,50%,50%,50%,50%,50%,50%,100%,100%,100%,100%,100%,100%,25%,25%,25%,25%,25%,25%,25%,50%,25%,ON/OFF,,,,
,Group 103,L3-LB1-11a1,,50%,50%,50%,50%,50%,50%,50%,50%,50%,50%,50%,50%,100%,100%,100%,100%,100%,100%,50%,50%,50%,50%,50%,50%,25%,50%,50%,ON/OFF,,,,
,Group 104,L3-LB1-11a2,,50%,50%,50%,50%,50%,50%,50%,50%,50%,50%,50%,50%,100%,100%,100%,100%,100%,100%,50%,50%,50%,50%,50%,50%,25%,50%,50%,ON/OFF,,,,
DMX 18,Group 105,L3-LB1-12,,100%,100%,100%,100%,100%,100%,100%,100%,100%,100%,100%,100%,100%,100%,100%,100%,100%,100%,75%,75%,75%,75%,75%,75%,85%,100%,75%,ON/OFF,,,,
,Group 106,L3-LB1-13a1,,100%,100%,100%,100%,100%,100%,100%,100%,100%,100%,100%,100%,100%,100%,100%,100%,100%,100%,75%,75%,75%,75%,75%,75%,85%,100%,75%,ON/OFF,,,,
,Group 107,L3-LB1-13a2,,100%,100%,100%,100%,100%,100%,100%,100%,100%,100%,100%,100%,100%,100%,100%,100%,100%,100%,75%,75%,75%,75%,75%,75%,85%,100%,75%,ON/OFF,,,,
,Group 108,L3-LB1-17a,,100%,100%,100%,100%,100%,100%,100%,100%,100%,100%,100%,100%,85%,85%,85%,85%,85%,85%,25%,25%,25%,25%,25%,25%,85%,100%,25%,ON/OFF,,,,
DMX 19,Group 109,L3-LB1-21,,100%,100%,100%,100%,100%,100%,100%,100%,100%,100%,100%,100%,100%,100%,100%,100%,100%,100%,50%,50%,50%,50%,50%,50%,85%,100%,50%,ON/OFF,,,,
,Group 110,L3-LB1-22,,100%,100%,100%,100%,100%,100%,100%,100%,100%,100%,100%,100%,85%,85%,85%,85%,85%,85%,50%,50%,50%,50%,50%,50%,85%,100%,50%,ON/OFF,,,,
,Group 111,L3-LB1-23a,,100%,100%,100%,100%,100%,100%,100%,100%,100%,100%,100%,100%,85%,85%,85%,85%,85%,85%,25%,25%,25%,25%,25%,25%,85%,100%,25%,ON/OFF,,,,
,Group 112,L3-LB1-23b,,100%,100%,100%,100%,100%,100%,100%,100%,100%,100%,100%,100%,85%,85%,85%,85%,85%,85%,25%,25%,25%,25%,25%,25%,85%,100%,25%,ON/OFF,,,,
DMX 20,Group 113,L3-LB1-23c,,100%,100%,100%,100%,100%,100%,100%,100%,100%,100%,100%,100%,85%,85%,85%,85%,85%,85%,25%,25%,25%,25%,25%,25%,85%,100%,25%,ON/OFF,,,,
,Group 114,L3-LB1-24,,100%,100%,100%,100%,100%,100%,100%,100%,100%,100%,100%,100%,100%,100%,100%,100%,100%,100%,75%,75%,75%,75%,75%,75%,85%,100%,75%,ON/OFF,,,,
,Group 115,L3-LB1-26a,,100%,100%,100%,100%,100%,100%,100%,100%,100%,100%,100%,100%,75%,75%,75%,75%,75%,75%,50%,50%,50%,50%,50%,50%,85%,100%,50%,ON/OFF,,,,
,Group 116,L3-LB1-26b,,100%,100%,100%,100%,100%,100%,100%,100%,100%,100%,100%,100%,75%,75%,75%,75%,75%,75%,50%,50%,50%,50%,50%,50%,85%,100%,50%,ON/OFF,,,,
DMX 21,Group 117,L3-LB1-26c,,100%,100%,100%,100%,100%,100%,100%,100%,100%,100%,100%,100%,75%,75%,75%,75%,75%,75%,50%,50%,50%,50%,50%,50%,85%,100%,50%,ON/OFF,,,,
,Group 118,L3-LB1-26d,,100%,100%,100%,100%,100%,100%,100%,100%,100%,100%,100%,100%,75%,75%,75%,75%,75%,75%,50%,50%,50%,50%,50%,50%,85%,100%,50%,ON/OFF,,,,
,Group 119,L3-LB1-27a,,100%,100%,100%,100%,100%,100%,100%,100%,100%,100%,100%,100%,75%,75%,75%,75%,75%,75%,50%,50%,50%,50%,50%,50%,85%,100%,50%,ON/OFF,,,,
,Group 120,L3-LB1-27b,,100%,100%,100%,100%,100%,100%,100%,100%,100%,100%,100%,100%,75%,75%,75%,75%,75%,75%,50%,50%,50%,50%,50%,50%,85%,100%,50%,ON/OFF,,,,
DMX 22,Group 121,L3-LB1-27c,,100%,100%,100%,100%,100%,100%,100%,100%,100%,100%,100%,100%,75%,75%,75%,75%,75%,75%,50%,50%,50%,50%,50%,50%,85%,100%,50%,ON/OFF,,,,
,Group 122,L3-LB1-27d,,100%,100%,100%,100%,100%,100%,100%,100%,100%,100%,100%,100%,75%,75%,75%,75%,75%,75%,50%,50%,50%,50%,50%,50%,85%,100%,50%,ON/OFF,,,,
,Group 123,L3-LB1-31,,ON,ON,ON,ON,ON,ON,ON,ON,ON,ON,ON,ON,ON,ON,ON,ON,ON,ON,ON,ON,ON,ON,ON,ON,ON,ON,ON,ON/OFF,,,,
,Group 124,L3-LB1-32a,,100%,100%,100%,100%,100%,100%,100%,100%,100%,100%,100%,100%,100%,100%,100%,100%,100%,100%,100%,50%,50%,50%,50%,50%,85%,100%,50%,ON/OFF,,,,
DMX 23,Group 125,L3-LB1-32b,,100%,100%,100%,100%,100%,100%,100%,100%,100%,100%,100%,100%,100%,100%,100%,100%,100%,100%,100%,50%,50%,50%,50%,50%,85%,100%,50%,ON/OFF,,,,
,Group 126,L3-LB1-33,,100%,100%,100%,100%,100%,100%,100%,100%,100%,100%,100%,100%,100%,100%,100%,100%,100%,100%,75%,75%,75%,75%,75%,75%,85%,100%,75%,ON/OFF,,,,
,Group 127,L3-LB1-35,,ON,ON,ON,ON,ON,ON,ON,ON,ON,ON,ON,ON,ON,ON,ON,ON,ON,ON,ON,ON,ON,ON,ON,ON,ON,ON,ON,ON/OFF,,,,
,Group 128,L3-LB1-41,,100%,100%,100%,100%,100%,100%,100%,100%,100%,100%,100%,100%,85%,85%,85%,85%,85%,85%,70%,70%,70%,70%,70%,70%,85%,100%,70%,ON/OFF,,,,
DMX 24,Group 129,L3-LL1-01a,,100%,100%,100%,100%,100%,100%,100%,100%,100%,100%,100%,100%,100%,100%,100%,100%,100%,100%,100%,50%,50%,50%,50%,50%,85%,100%,50%,ON/OFF,,,,
,Group 130,L3-LL1-01b,,100%,100%,100%,100%,100%,100%,100%,100%,100%,100%,100%,100%,100%,100%,100%,100%,100%,100%,100%,50%,50%,50%,50%,50%,85%,100%,50%,ON/OFF,,,,
,Group 131,L3-LL1-02,,100%,100%,100%,100%,100%,100%,100%,100%,100%,100%,100%,100%,85%,85%,85%,85%,85%,85%,25%,25%,25%,25%,25%,25%,85%,100%,25%,ON/OFF,,,,
,Group 132,L3-LL1-03a,,100%,100%,100%,100%,100%,100%,100%,100%,100%,100%,100%,100%,100%,100%,100%,100%,100%,100%,75%,75%,75%,75%,75%,75%,85%,100%,75%,ON/OFF,,,,
DMX 25,Group 133,L3-LL1-03b,,100%,100%,100%,100%,100%,100%,100%,100%,100%,100%,100%,100%,100%,100%,100%,100%,100%,100%,75%,75%,75%,75%,75%,75%,85%,100%,75%,ON/OFF,,,,
,Group 134,L3-LL1-03c,,100%,100%,100%,100%,100%,100%,100%,100%,100%,100%,100%,100%,100%,100%,100%,100%,100%,100%,75%,75%,75%,75%,75%,75%,85%,100%,75%,ON/OFF,,,,
,Group 135,L3-LL1-04,,100%,100%,100%,100%,100%,100%,100%,100%,100%,100%,100%,100%,85%,85%,85%,85%,85%,85%,25%,25%,25%,25%,25%,25%,85%,100%,25%,ON/OFF,,,,
,Group 136,L3-LL1-05,,100%,100%,100%,100%,100%,100%,100%,100%,100%,100%,100%,100%,100%,100%,100%,100%,100%,100%,100%,75%,75%,75%,75%,75%,85%,100%,75%,ON/OFF,,,,
DMX 26,Group 137,L3-LL1-06,,100%,100%,100%,100%,100%,100%,100%,100%,100%,100%,100%,100%,100%,100%,100%,100%,100%,100%,100%,50%,50%,50%,50%,50%,85%,100%,50%,ON/OFF,,,,
,Group 138,L3-LL1-07,,100%,100%,100%,100%,100%,100%,100%,100%,100%,100%,100%,100%,85%,85%,85%,85%,85%,85%,25%,25%,25%,25%,25%,25%,85%,100%,25%,ON/OFF,,,,
,Group 139,L3-LL1-08,,100%,100%,100%,100%,100%,100%,100%,100%,100%,100%,100%,100%,85%,85%,85%,85%,85%,85%,25%,25%,25%,25%,25%,25%,85%,100%,25%,ON/OFF,,,,
,Group 140,L3-LL1-11,,100%,100%,100%,100%,100%,100%,100%,100%,100%,100%,100%,100%,100%,100%,100%,100%,100%,100%,75%,75%,75%,75%,75%,75%,85%,100%,75%,ON/OFF,,,,
DMX 27,Group 141,L3-TR1-01,,OFF,OFF,OFF,OFF,OFF,OFF,OFF,OFF,OFF,OFF,OFF,OFF,75%,75%,75%,75%,75%,75%,50%,50%,50%,50%,50%,50%,OFF,OFF,50%,ON/OFF,,,,
,Group 142,L3-TR1-02,,OFF,OFF,OFF,OFF,OFF,OFF,OFF,OFF,OFF,OFF,OFF,OFF,100%,100%,100%,100%,100%,100%,75%,75%,75%,75%,75%,75%,OFF,OFF,75%,ON/OFF,,,,
,Group 143,PT 3.1-D-01,,100%,100%,100%,100%,100%,100%,100%,100%,100%,100%,100%,100%,100%,100%,100%,100%,100%,100%,100%,100%,100%,100%,100%,100%,85%,100%,75%,ON/OFF,,,,
,Group 144,PT 3.1-D-02,,100%,100%,100%,100%,100%,100%,100%,100%,100%,100%,100%,100%,100%,100%,100%,100%,100%,100%,100%,100%,100%,100%,100%,100%,85%,100%,75%,ON/OFF,,,,
DMX 28,Group 145,PT 3.1-F-01,,100%,100%,100%,100%,100%,100%,100%,100%,100%,100%,100%,100%,100%,100%,100%,100%,100%,100%,100%,100%,100%,100%,100%,100%,85%,100%,75%,ON/OFF,,,,
,Group 146,PT 3.1-F-02,,100%,100%,100%,100%,100%,100%,100%,100%,100%,100%,100%,100%,100%,100%,100%,100%,100%,100%,100%,100%,100%,100%,100%,100%,85%,100%,75%,ON/OFF,,,,
,Group 147,PT 3.1-F-03,,100%,100%,100%,100%,100%,100%,100%,100%,100%,100%,100%,100%,100%,100%,100%,100%,100%,100%,100%,100%,100%,100%,100%,100%,85%,100%,75%,ON/OFF,,,,
,Group 148,PT 3.1-F-04,,75%,75%,75%,75%,75%,75%,75%,75%,75%,75%,75%,75%,75%,75%,75%,75%,75%,75%,75%,75%,75%,75%,75%,75%,85%,100%,75%,ON/OFF,,,,
DMX 29,Group 149,PT 3.1-F-05,,75%,75%,75%,75%,75%,75%,75%,75%,75%,75%,75%,75%,75%,75%,75%,75%,75%,75%,75%,75%,75%,75%,75%,75%,85%,100%,75%,ON/OFF,,,,
,Group 150,PT 3.1-F-06,,100%,100%,100%,100%,100%,100%,100%,100%,100%,100%,100%,100%,100%,100%,100%,100%,100%,100%,100%,100%,100%,100%,100%,100%,85%,100%,75%,ON/OFF,,,,
,Group 151,PT 3.1-F-07,,100%,100%,100%,100%,100%,100%,100%,100%,100%,100%,100%,100%,100%,100%,100%,100%,100%,100%,100%,100%,100%,100%,100%,100%,85%,100%,75%,ON/OFF,,,,
,Group 152,PT 3.1-F-08,,ON,ON,ON,ON,ON,ON,ON,ON,ON,ON,ON,ON,ON,ON,ON,ON,ON,ON,ON,ON,ON,ON,ON,ON,85%,100%,75%,ON/OFF,,,,
DMX 30,Group 153,SPARE,,,,,,,,,,,,,,,,,,,,,,,,,,,,,ON/OFF,,,,
,Group 154,PT 3.1-M-01,,100%,100%,100%,100%,100%,100%,100%,100%,100%,100%,100%,100%,100%,100%,100%,100%,100%,100%,100%,100%,100%,100%,100%,100%,85%,100%,75%,ON/OFF,,,,
,Group 155,PT 3.1-M-02,,100%,100%,100%,100%,100%,100%,100%,100%,100%,100%,100%,100%,100%,100%,100%,100%,100%,100%,100%,100%,100%,100%,100%,100%,85%,100%,75%,ON/OFF,,,,
,Group 156,PT 3.1-M-03,,100%,100%,100%,100%,100%,100%,100%,100%,100%,100%,100%,100%,100%,100%,100%,100%,100%,100%,100%,100%,100%,100%,100%,100%,85%,100%,75%,ON/OFF,,,,
DMX 31,Group 157,PT 3.1-M-04,DL02W,75%,75%,75%,75%,75%,75%,75%,75%,75%,75%,75%,75%,75%,75%,75%,75%,75%,75%,75%,75%,75%,75%,75%,75%,85%,100%,75%,ON/OFF,,,,
,Group 158,PT 3.1-M-05,,75%,75%,75%,75%,75%,75%,75%,75%,75%,75%,75%,75%,75%,75%,75%,75%,75%,75%,75%,75%,75%,75%,75%,75%,85%,100%,75%,ON/OFF,,,,
,Group 159,PT 3.1-M-06,,100%,100%,100%,100%,100%,100%,100%,100%,100%,100%,100%,100%,100%,100%,100%,100%,100%,100%,100%,100%,100%,100%,100%,100%,85%,100%,75%,ON/OFF,,,,
,Group 160,PT 3.1-M-07,,100%,100%,100%,100%,100%,100%,100%,100%,100%,100%,100%,100%,100%,100%,100%,100%,100%,100%,100%,100%,100%,100%,100%,100%,85%,100%,75%,ON/OFF,,,,
DMX 32,Group 161,PT 3.1-M-08a,,100%,100%,100%,100%,100%,100%,100%,100%,100%,100%,100%,100%,100%,100%,100%,100%,100%,100%,100%,100%,100%,100%,100%,100%,85%,100%,75%,ON/OFF,,,,
,Group 162,PT 3.1-M-08b,,100%,100%,100%,100%,100%,100%,100%,100%,100%,100%,100%,100%,100%,100%,100%,100%,100%,100%,100%,100%,100%,100%,100%,100%,85%,100%,75%,ON/OFF,,,,
,Group 163,PT 3.1-M-09,,ON,ON,ON,ON,ON,ON,ON,ON,ON,ON,ON,ON,ON,ON,ON,ON,ON,ON,ON,ON,ON,ON,ON,ON,85%,100%,75%,ON/OFF,,,,
,Group 164,SPARE,,,,,,,,,,,,,,,,,,,,,,,,,,,,,ON/OFF,,,,
DMX 33,Group 17,SPARE,,,,,,,,,,,,,,,,,,,,,,,,,,,,,ON/OFF,,,,
,Group 18,SPARE,,,,,,,,,,,,,,,,,,,,,,,,,,,,,ON/OFF,,,,
,Group 19,SPARE,,,,,,,,,,,,,,,,,,,,,,,,,,,,,ON/OFF,,,,
,Group 20,SPARE,,,,,,,,,,,,,,,,,,,,,,,,,,,,,ON/OFF,,,,
DMX RELAY 4CH (1),Group 221,L3-LB1-38,,ON,ON,ON,ON,ON,ON,ON,ON,ON,ON,ON,ON,ON,ON,ON,ON,ON,ON,ON,ON,ON,ON,ON,ON,ON,ON,ON,ON/OFF,,,,
,Group 222,L3-LB1-39,,ON,ON,ON,ON,ON,ON,ON,ON,ON,ON,ON,ON,ON,ON,ON,ON,ON,ON,ON,ON,ON,ON,ON,ON,ON,ON,ON,ON/OFF,,,,
,Group 223,L3-LB1-40,,ON,ON,ON,ON,ON,ON,ON,ON,ON,ON,ON,ON,ON,ON,ON,ON,ON,ON,ON,ON,ON,ON,ON,ON,ON,ON,ON,ON/OFF,,,,
,Group 224,L3-LL1-09,,ON,ON,ON,ON,ON,ON,ON,ON,ON,ON,ON,ON,ON,ON,ON,ON,ON,ON,ON,ON,ON,ON,ON,ON,ON,ON,ON,ON/OFF,,,,
DMX RELAY 4CH (2),Group 221,L3-LL1-10,,ON,ON,ON,ON,ON,ON,ON,ON,ON,ON,ON,ON,ON,ON,ON,ON,ON,ON,ON,ON,ON,ON,ON,ON,ON,ON,ON,ON/OFF,,,,
,Group 222,SPARE,,,,,,,,,,,,,,,,,,,,,,,,,,,,,ON/OFF,,,,
,Group 223,SPARE,,,,,,,,,,,,,,,,,,,,,,,,,,,,,ON/OFF,,,,
,Group 224,SPARE,,,,,,,,,,,,,,,,,,,,,,,,,,,,,ON/OFF,,,,
AC TRIAC,Group 165,PT3.1-F-09,,100%,100%,100%,100%,100%,100%,100%,100%,100%,100%,100%,100%,100%,100%,100%,100%,100%,100%,100%,100%,100%,100%,100%,100%,85%,100%,75%,ON/OFF,,,,
,Group 166,PT3.1-M-10,,ON,ON,ON,ON,ON,ON,ON,ON,ON,ON,ON,ON,ON,ON,ON,ON,ON,ON,ON,ON,ON,ON,ON,ON,85%,100%,75%,ON/OFF,,,,
,Group 167,PT3.1-M-11,,100%,100%,100%,100%,100%,100%,100%,100%,100%,100%,100%,100%,100%,100%,100%,100%,100%,100%,100%,100%,100%,100%,100%,100%,85%,100%,75%,ON/OFF,,,,
,Group 168,SPARE,,,,,,,,,,,,,,,,,,,,,,,,,,,,,ON/OFF,,,,
TỦ ĐIỆN ,DMX-LT-LB3,,,,,,,,,,,,,,,,,,,,,,,,,,,,,,,,,,
,,,,,,,,,,,,,,,,,,,,,,,,,,,,,,,,,,,
DMX ,"ĐỊA CHỈ
(Group)  ",TÊN LỘ ,,SCENE SETTING,,,,,,,,,,,,,,,,,,,,,,,,SCENE OVERIDE,,,,,,,
,,,,DAY TIME,,,,,,,,,,,,Night Time,,,,,,,Late Time,,,,,EVENT,BRIGHT,DIM,MASTER ON/OFF,,,,
,,,,6:00,7:00,8:00,9:00,10:00,11:00,12:00,13:00,14:00,15:00,16:00,17:00,18:00,19:00,20:00,21:00,22:00,23:00,0:00,1:00,2:00,3:00,4:00,5:00,,,,,,,,
DMX RELAY 4CH (1),Group 169,L3-LP2-17,,100%,100%,100%,100%,100%,100%,100%,100%,100%,100%,100%,100%,100%,100%,100%,100%,100%,100%,75%,75%,75%,75%,75%,75%,85%,100%,75%,ON/OFF,,,,
,Group 170,L3-LP2-19,,100%,100%,100%,100%,100%,100%,100%,100%,100%,100%,100%,100%,100%,100%,100%,100%,100%,100%,75%,75%,75%,75%,75%,75%,85%,100%,75%,ON/OFF,,,,
,Group 171,L3-LP2-20,,100%,100%,100%,100%,100%,100%,100%,100%,100%,100%,100%,100%,100%,100%,100%,100%,100%,100%,75%,75%,75%,75%,75%,75%,85%,100%,75%,ON/OFF,,,,
,Group 172,L3-LP2-21,,100%,100%,100%,100%,100%,100%,100%,100%,100%,100%,100%,100%,100%,100%,100%,100%,100%,100%,75%,75%,75%,75%,75%,75%,85%,100%,75%,ON/OFF,,,,
DMX RELAY 4CH (2),Group 169,L3-LP2-15,,100%,100%,100%,100%,100%,100%,100%,100%,100%,100%,100%,100%,100%,100%,100%,100%,100%,100%,75%,75%,75%,75%,75%,75%,85%,100%,75%,ON/OFF,,,,
,Group 170,L3-LP2-18,,100%,100%,100%,100%,100%,100%,100%,100%,100%,100%,100%,100%,100%,100%,100%,100%,100%,100%,75%,75%,75%,75%,75%,75%,85%,100%,75%,ON/OFF,,,,
,Group 171,SPARE,,,,,,,,,,,,,,,,,,,,,,,,,,,,,ON/OFF,,,,
,Group 172,SPARE,,,,,,,,,,,,,,,,,,,,,,,,,,,,,ON/OFF,,,,
AC TRIAC ,Group 173,PT3.2-F-08,,100%,100%,100%,100%,100%,100%,100%,100%,100%,100%,100%,100%,100%,100%,100%,100%,100%,100%,100%,100%,100%,100%,100%,100%,85%,100%,75%,ON/OFF,,,,
,Group 174,PT3.2-M-09,,100%,100%,100%,100%,100%,100%,100%,100%,100%,100%,100%,100%,100%,100%,100%,100%,100%,100%,100%,100%,100%,100%,100%,100%,85%,100%,75%,ON/OFF,,,,
,Group 175,PT3.2-M-10,,100%,100%,100%,100%,100%,100%,100%,100%,100%,100%,100%,100%,100%,100%,100%,100%,100%,100%,100%,100%,100%,100%,100%,100%,85%,100%,75%,ON/OFF,,,,
,Group 176,SPARE,,,,,,,,,,,,,,,,,,,,,,,,,,,,,ON/OFF,,,,
DMX 1,Group 169,L3-LB2-01a,,100%,100%,100%,100%,100%,100%,100%,100%,100%,100%,100%,100%,100%,100%,100%,100%,100%,100%,75%,75%,75%,75%,75%,75%,85%,100%,75%,ON/OFF,,,,
,Group 170,L3-LB2-01b1,,100%,100%,100%,100%,100%,100%,100%,100%,100%,100%,100%,100%,100%,100%,100%,100%,100%,100%,75%,75%,75%,75%,75%,75%,85%,100%,75%,ON/OFF,,,,
,Group 171,L3-LB2-01b2,,100%,100%,100%,100%,100%,100%,100%,100%,100%,100%,100%,100%,100%,100%,100%,100%,100%,100%,75%,75%,75%,75%,75%,75%,85%,100%,75%,ON/OFF,,,,
,Group 172,L3-LB2-01b3,,100%,100%,100%,100%,100%,100%,100%,100%,100%,100%,100%,100%,100%,100%,100%,100%,100%,100%,75%,75%,75%,75%,75%,75%,85%,100%,75%,ON/OFF,,,,
DMX 2,Group 177,L3-LB2-02a1,,100%,100%,100%,100%,100%,100%,100%,100%,100%,100%,100%,100%,100%,100%,100%,100%,100%,100%,50%,50%,50%,50%,50%,50%,85%,100%,50%,ON/OFF,,,,
,Group 178,L3-LB2-02a2,,100%,100%,100%,100%,100%,100%,100%,100%,100%,100%,100%,100%,100%,100%,100%,100%,100%,100%,50%,50%,50%,50%,50%,50%,85%,100%,50%,ON/OFF,,,,
,Group 179,L3-LB2-03,,100%,100%,100%,100%,100%,100%,100%,100%,100%,100%,100%,100%,100%,100%,100%,100%,100%,100%,75%,75%,75%,75%,75%,75%,85%,100%,75%,ON/OFF,,,,
,Group 180,L3-LB2-04,,100%,100%,100%,100%,100%,100%,100%,100%,100%,100%,100%,100%,100%,100%,100%,100%,100%,100%,75%,75%,75%,75%,75%,75%,85%,100%,75%,ON/OFF,,,,
DMX 3,Group 181,L3-LB2-05,,100%,100%,100%,100%,100%,100%,100%,100%,100%,100%,100%,100%,85%,85%,85%,85%,85%,85%,25%,25%,25%,25%,25%,25%,85%,100%,25%,ON/OFF,,,,
,Group 182,L3-LB2-06,AJ02M,100%,100%,100%,100%,100%,100%,100%,100%,100%,100%,100%,100%,100%,100%,100%,100%,100%,100%,75%,75%,75%,75%,75%,75%,85%,100%,75%,ON/OFF,,,,
,Group 183,L3-LB2-07,,100%,100%,100%,100%,100%,100%,100%,100%,100%,100%,100%,100%,85%,85%,85%,85%,85%,85%,25%,25%,25%,25%,25%,25%,85%,100%,25%,ON/OFF,,,,
,Group 184,L3-LB2-08,,100%,100%,100%,100%,100%,100%,100%,100%,100%,100%,100%,100%,85%,85%,85%,85%,85%,85%,25%,25%,25%,25%,25%,25%,85%,100%,25%,ON/OFF,,,,
DMX 4,Group 185,L3-LB2-09,,100%,100%,100%,100%,100%,100%,100%,100%,100%,100%,100%,100%,85%,85%,85%,85%,85%,85%,25%,25%,25%,25%,25%,25%,85%,100%,25%,ON/OFF,,,,
,Group 186,L3-LB2-10,,100%,100%,100%,100%,100%,100%,100%,100%,100%,100%,100%,100%,100%,100%,100%,100%,100%,100%,100%,100%,100%,100%,100%,100%,85%,100%,100%,ON/OFF,,,,
,Group 187,L3-LB2-11a,,100%,100%,100%,100%,100%,100%,100%,100%,100%,100%,100%,100%,85%,85%,85%,85%,85%,85%,25%,25%,25%,25%,25%,25%,85%,100%,25%,ON/OFF,,,,
,Group 188,L3-LB2-11b,,100%,100%,100%,100%,100%,100%,100%,100%,100%,100%,100%,100%,85%,85%,85%,85%,85%,85%,25%,25%,25%,25%,25%,25%,85%,100%,25%,ON/OFF,,,,
DMX 5,Group 189,L3-LB2-12,,100%,100%,100%,100%,100%,100%,100%,100%,100%,100%,100%,100%,85%,85%,85%,85%,85%,85%,25%,25%,25%,25%,25%,25%,85%,100%,25%,ON/OFF,,,,
,Group 190,L3-LB2-13,,OFF,OFF,OFF,OFF,OFF,OFF,OFF,OFF,OFF,OFF,OFF,OFF,100%,100%,100%,100%,100%,100%,50%,50%,50%,50%,50%,50%,ON,OFF,50%,ON/OFF,,,,
,Group 191,L3-LB2-14a,,100%,100%,100%,100%,100%,100%,100%,100%,100%,100%,100%,200%,100%,100%,100%,100%,100%,100%,50%,50%,50%,50%,50%,50%,85%,100%,50%,ON/OFF,,,,
,Group 192,L3-LB2-14b,,100%,100%,100%,100%,100%,100%,100%,100%,100%,100%,100%,200%,100%,100%,100%,100%,100%,100%,50%,50%,50%,50%,50%,50%,85%,100%,50%,ON/OFF,,,,
DMX 6,Group 193,SPARE,,,,,,,,,,,,,,,,,,,,,,,,,,,,,ON/OFF,,,,
,Group 194,L3-LB2-16,,100%,100%,100%,100%,100%,100%,100%,100%,100%,100%,100%,100%,100%,100%,100%,100%,100%,100%,75%,75%,75%,75%,75%,75%,85%,100%,75%,ON/OFF,,,,
,Group 195,PT 3.2-D-01,,100%,100%,100%,100%,100%,100%,100%,100%,100%,100%,100%,100%,100%,100%,100%,100%,100%,100%,100%,100%,100%,100%,100%,100%,85%,100%,75%,ON/OFF,,,,
,Group 196,PT 3.2-D-02,AJ02M,100%,100%,100%,100%,100%,100%,100%,100%,100%,100%,100%,100%,100%,100%,100%,100%,100%,100%,100%,100%,100%,100%,100%,100%,85%,100%,75%,ON/OFF,,,,
DMX 7,Group 197,PT 3.2-D-03,,100%,100%,100%,100%,100%,100%,100%,100%,100%,100%,100%,100%,100%,100%,100%,100%,100%,100%,100%,100%,100%,100%,100%,100%,85%,100%,75%,ON/OFF,,,,
,Group 198,PT 3.2-F-01,,100%,100%,100%,100%,100%,100%,100%,100%,100%,100%,100%,100%,100%,100%,100%,100%,100%,100%,100%,100%,100%,100%,100%,100%,85%,100%,75%,ON/OFF,,,,
,Group 199,PT 3.2-F-02,,75%,75%,75%,75%,75%,75%,75%,75%,75%,75%,75%,75%,75%,75%,75%,75%,75%,75%,75%,75%,75%,75%,75%,75%,85%,100%,75%,ON/OFF,,,,
,Group 200,PT 3.2-F-03,,100%,100%,100%,100%,100%,100%,100%,100%,100%,100%,100%,100%,100%,100%,100%,100%,100%,100%,100%,100%,100%,100%,100%,100%,85%,100%,75%,ON/OFF,,,,
DMX 8,Group 201,PT 3.2-F-04,,75%,75%,75%,75%,75%,75%,75%,75%,75%,75%,75%,75%,75%,75%,75%,75%,75%,75%,75%,75%,75%,75%,75%,75%,85%,100%,75%,ON/OFF,,,,
,Group 202,PT 3.2-F-05,,100%,100%,100%,100%,100%,100%,100%,100%,100%,100%,100%,100%,100%,100%,100%,100%,100%,100%,100%,100%,100%,100%,100%,100%,85%,100%,75%,ON/OFF,,,,
,Group 203,PT 3.2-F-06,,100%,100%,100%,100%,100%,100%,100%,100%,100%,100%,100%,100%,100%,100%,100%,100%,100%,100%,100%,100%,100%,100%,100%,100%,85%,100%,75%,ON/OFF,,,,
,Group 204,PT 3.2-F-07,,100%,100%,100%,100%,100%,100%,100%,100%,100%,100%,100%,100%,100%,100%,100%,100%,100%,100%,100%,100%,100%,100%,100%,100%,85%,100%,75%,ON/OFF,,,,
DMX 9,Group 205,SPACE,,,,,,,,,,,,,,,,,,,,,,,,,,,,,ON/OFF,,,,
,Group 206,PT 3.2-F-09,,ON,ON,ON,ON,ON,ON,ON,ON,ON,ON,ON,ON,ON,ON,ON,ON,ON,ON,ON,ON,ON,ON,ON,ON,85%,100%,75%,ON/OFF,,,,
,Group 207,PT 3.2-J-01,,75%,75%,75%,75%,75%,75%,75%,75%,75%,75%,75%,75%,75%,75%,75%,75%,75%,75%,75%,75%,75%,75%,75%,75%,85%,100%,75%,ON/OFF,,,,
,Group 208,PT 3.2-M-01,,100%,100%,100%,100%,100%,100%,100%,100%,100%,100%,100%,100%,100%,100%,100%,100%,100%,100%,100%,100%,100%,100%,100%,100%,85%,100%,75%,ON/OFF,,,,
DMX 10,Group 209,PT 3.2-M-02,,100%,100%,100%,100%,100%,100%,100%,100%,100%,100%,100%,100%,100%,100%,100%,100%,100%,100%,100%,100%,100%,100%,100%,100%,85%,100%,75%,ON/OFF,,,,
,Group 210,PT 3.2-M-03,DL02W,100%,100%,100%,100%,100%,100%,100%,100%,100%,100%,100%,100%,100%,100%,100%,100%,100%,100%,100%,100%,100%,100%,100%,100%,85%,100%,75%,ON/OFF,,,,
,Group 211,PT 3.2-M-04,,100%,100%,100%,100%,100%,100%,100%,100%,100%,100%,100%,100%,100%,100%,100%,100%,100%,100%,100%,100%,100%,100%,100%,100%,85%,100%,75%,ON/OFF,,,,
,Group 212,PT 3.2-M-05,,75%,75%,75%,75%,75%,75%,75%,75%,75%,75%,75%,75%,75%,75%,75%,75%,75%,75%,75%,75%,75%,75%,75%,75%,85%,100%,75%,ON/OFF,,,,
DMX 11,Group 213,PT 3.2-M-06,,ON,100%,100%,100%,100%,100%,100%,100%,100%,100%,100%,100%,100%,100%,100%,100%,100%,100%,100%,100%,100%,100%,100%,100%,85%,100%,75%,ON/OFF,,,,
,Group 214,PT 3.2-M-07,,100%,100%,100%,100%,100%,100%,100%,100%,100%,100%,100%,100%,100%,100%,100%,100%,100%,100%,100%,100%,100%,100%,100%,100%,85%,100%,75%,ON/OFF,,,,
,Group 215,PT 3.2-M-08,,100%,100%,100%,100%,100%,100%,100%,100%,100%,100%,100%,100%,100%,100%,100%,100%,100%,100%,100%,100%,100%,100%,100%,100%,85%,100%,75%,ON/OFF,,,,
,Group 216,SPARE,,,,,,,,,,,,,,,,,,,,,,,,,,,,,ON/OFF,,,,
DMX 12,Group 217,SPARE,,,,,,,,,,,,,,,,,,,,,,,,,,,,,ON/OFF,,,,
,Group 218,PT 3.2-M-11,,ON,ON,ON,ON,ON,ON,ON,ON,ON,ON,ON,ON,ON,ON,ON,ON,ON,ON,ON,ON,ON,ON,ON,ON,85%,100%,75%,ON/OFF,,,,
,Group 219,SPARE,,,,,,,,,,,,,,,,,,,,,,,,,,,,,ON/OFF,,,,
,Group 220,SPARE,,,,,,,,,,,,,,,,,,,,,,,,,,,,,ON/OFF,,,,
